shomare factor,code mahsool,tozihat,tedad,tarikh,gheimat vahed,id kharidar,keshvar
536479,71053,WHITE METAL LANTERN,48,05/13/23,6.09,17870,United Kingdom
536390,85123A,WHITE HANGING HEART T-LIGHT HOLDER,10,05/07/23,13.38,17997,Netherlands
536646,22752,SET 7 BABUSHKA NESTING BOXES,16,11/23/23,10.97,17906,France
536615,71053,WHITE METAL LANTERN,11,05/22/23,5.23,17887,Germany
536593,85123A,WHITE HANGING HEART T-LIGHT HOLDER,12,09/24/23,1.64,17929,United Kingdom
536507,84879,ASSORTED COLOUR BIRD ORNAMENT,27,09/06/23,14.3,17868,France
536469,71053,WHITE METAL LANTERN,2,11/17/23,2.66,17800,France
536923,22960,JAM MAKING SET WITH JARS,12,05/03/23,11.22,17872,Spain
536454,22752,SET 7 BABUSHKA NESTING BOXES,48,05/21/23,8.1,17985,Germany
536969,21730,GLASS STAR FROSTED T-LIGHT HOLDER,22,08/14/23,11.74,17876,Germany
536797,22748,POPPY'S PLAYHOUSE KITCHEN,27,02/09/23,10.82,17950,Germany
536397,22752,SET 7 BABUSHKA NESTING BOXES,43,01/01/24,10.22,17948,Netherlands
536395,22960,JAM MAKING SET WITH JARS,48,05/27/23,8.13,17968,France
536460,84406B,CREAM CUPID HEARTS COAT HANGER,16,05/01/23,12.2,17925,Netherlands
536588,22913,RED COAT RACK PARIS FASHION,18,05/20/23,2.76,17838,Netherlands
536603,22913,,11,06/21/23,4.49,17914,France
536882,22748,POPPY'S PLAYHOUSE KITCHEN,45,06/13/23,10.84,17937,Germany
536981,22752,SET 7 BABUSHKA NESTING BOXES,7,10/04/23,5.63,17923,France
536392,22748,POPPY'S PLAYHOUSE KITCHEN,25,02/11/23,9.35,17888,Spain
536939,22745,POPPY'S PLAYHOUSE BEDROOM,3,03/12/23,7.89,17885,France
536568,22752,SET 7 BABUSHKA NESTING BOXES,31,03/19/23,8.67,17941,France
536923,71053,WHITE METAL LANTERN,15,04/29/23,7.24,17995,United Kingdom
536794,71053,WHITE METAL LANTERN,13,07/16/23,11.57,17939,Spain
536590,22745,POPPY'S PLAYHOUSE BEDROOM,30,12/22/23,5.97,17896,United Kingdom
536824,84879,ASSORTED COLOUR BIRD ORNAMENT,23,03/20/23,10.99,17916,Germany
536968,22745,POPPY'S PLAYHOUSE BEDROOM,20,12/28/23,5.16,17882,Germany
536649,22745,POPPY'S PLAYHOUSE BEDROOM,15,04/20/23,4.89,17848,Spain
536371,22748,POPPY'S PLAYHOUSE KITCHEN,15,02/02/23,3.13,17978,Netherlands
536528,85123A,WHITE HANGING HEART T-LIGHT HOLDER,2,08/01/23,4.1,17861,France
536797,71053,WHITE METAL LANTERN,43,07/28/23,3.11,17946,United Kingdom
536713,85123A,,13,06/19/23,8.73,17898,Spain
536649,22745,POPPY'S PLAYHOUSE BEDROOM,26,10/05/23,11.79,17859,United Kingdom
536524,84879,ASSORTED COLOUR BIRD ORNAMENT,22,08/27/23,4.0,17998,France
536585,71053,WHITE METAL LANTERN,18,08/01/23,4.42,17905,Netherlands
536709,22752,SET 7 BABUSHKA NESTING BOXES,5,02/01/23,8.04,17811,United Kingdom
536469,22752,SET 7 BABUSHKA NESTING BOXES,50,04/16/23,11.28,17881,Spain
536459,22752,SET 7 BABUSHKA NESTING BOXES,18,08/04/23,14.68,17990,France
536754,22960,JAM MAKING SET WITH JARS,23,07/19/23,8.58,17921,France
536464,22748,POPPY'S PLAYHOUSE KITCHEN,42,10/27/23,5.32,17980,Netherlands
536732,84406B,CREAM CUPID HEARTS COAT HANGER,33,12/23/23,2.86,17897,Spain
536717,22745,POPPY'S PLAYHOUSE BEDROOM,26,01/11/23,4.12,17898,France
536983,84406B,CREAM CUPID HEARTS COAT HANGER,44,10/22/23,4.57,17969,United Kingdom
536635,21730,GLASS STAR FROSTED T-LIGHT HOLDER,35,07/14/23,3.92,17966,Germany
536409,22748,POPPY'S PLAYHOUSE KITCHEN,22,09/02/23,1.69,17838,Spain
536835,22752,SET 7 BABUSHKA NESTING BOXES,2,01/04/23,8.71,17926,United Kingdom
536914,71053,WHITE METAL LANTERN,8,06/30/23,5.2,,Netherlands
536492,22748,POPPY'S PLAYHOUSE KITCHEN,17,06/02/23,14.65,17832,Netherlands
536752,22960,JAM MAKING SET WITH JARS,12,07/19/23,8.97,17928,France
536445,71053,WHITE METAL LANTERN,38,08/03/23,10.92,17951,Netherlands
536930,85123A,WHITE HANGING HEART T-LIGHT HOLDER,17,10/03/23,3.2,17884,Germany
536665,22960,JAM MAKING SET WITH JARS,3,10/07/23,13.22,17825,United Kingdom
536998,85123A,WHITE HANGING HEART T-LIGHT HOLDER,7,11/05/23,8.13,17912,Spain
536735,71053,WHITE METAL LANTERN,39,04/23/23,13.28,17825,France
536956,22752,SET 7 BABUSHKA NESTING BOXES,28,09/07/23,9.25,17934,Spain
536561,84406B,CREAM CUPID HEARTS COAT HANGER,23,04/23/23,7.84,17916,United Kingdom
536436,22745,POPPY'S PLAYHOUSE BEDROOM,47,05/20/23,7.45,17803,Germany
536411,22748,POPPY'S PLAYHOUSE KITCHEN,21,08/12/23,,17984,United Kingdom
536598,22748,POPPY'S PLAYHOUSE KITCHEN,28,09/06/23,2.19,17836,United Kingdom
536661,22752,SET 7 BABUSHKA NESTING BOXES,39,01/15/23,14.2,17904,France
536446,22745,POPPY'S PLAYHOUSE BEDROOM,33,07/19/23,7.95,17967,Spain
536603,85123A,WHITE HANGING HEART T-LIGHT HOLDER,8,06/22/23,12.6,17839,United Kingdom
536468,84406B,CREAM CUPID HEARTS COAT HANGER,25,12/09/23,6.91,17819,United Kingdom
536754,22745,POPPY'S PLAYHOUSE BEDROOM,37,12/14/23,2.5,17920,Germany
536649,85123A,WHITE HANGING HEART T-LIGHT HOLDER,13,07/27/23,10.0,18000,Netherlands
536829,22745,POPPY'S PLAYHOUSE BEDROOM,17,03/26/23,2.22,17867,Germany
536738,21730,GLASS STAR FROSTED T-LIGHT HOLDER,3,08/28/23,3.51,17886,Spain
536531,22748,POPPY'S PLAYHOUSE KITCHEN,46,03/07/23,9.1,,Spain
536744,21730,GLASS STAR FROSTED T-LIGHT HOLDER,28,11/15/23,5.6,17977,France
536728,22745,POPPY'S PLAYHOUSE BEDROOM,1,10/01/23,,17901,Netherlands
536579,22960,,34,01/14/23,3.1,17966,Spain
536638,22748,POPPY'S PLAYHOUSE KITCHEN,35,07/21/23,11.82,17820,Netherlands
536438,84406B,CREAM CUPID HEARTS COAT HANGER,44,10/31/23,9.69,17884,Germany
536988,22752,SET 7 BABUSHKA NESTING BOXES,47,10/16/23,12.18,17972,Spain
536540,21730,GLASS STAR FROSTED T-LIGHT HOLDER,48,12/06/23,4.55,17936,United Kingdom
536911,22752,SET 7 BABUSHKA NESTING BOXES,48,01/14/23,8.55,17897,Spain
536615,85123A,WHITE HANGING HEART T-LIGHT HOLDER,43,02/12/23,7.58,17881,Netherlands
536532,22913,RED COAT RACK PARIS FASHION,13,11/26/23,7.48,17960,Spain
536838,22960,JAM MAKING SET WITH JARS,24,08/08/23,13.11,17983,France
536753,85123A,WHITE HANGING HEART T-LIGHT HOLDER,28,03/11/23,14.87,,United Kingdom
536641,84879,ASSORTED COLOUR BIRD ORNAMENT,5,08/25/23,5.62,17924,France
536935,85123A,WHITE HANGING HEART T-LIGHT HOLDER,43,04/04/23,9.88,17938,Germany
536589,85123A,WHITE HANGING HEART T-LIGHT HOLDER,22,01/26/23,9.73,17809,Spain
536697,22913,RED COAT RACK PARIS FASHION,40,05/14/23,,17958,Spain
536422,22748,POPPY'S PLAYHOUSE KITCHEN,21,07/14/23,14.29,17817,Germany
536599,22960,JAM MAKING SET WITH JARS,43,06/17/23,4.31,17860,France
536397,22960,JAM MAKING SET WITH JARS,8,04/19/23,4.35,17961,United Kingdom
536688,84406B,CREAM CUPID HEARTS COAT HANGER,47,08/21/23,10.42,17975,France
536775,85123A,WHITE HANGING HEART T-LIGHT HOLDER,20,06/17/23,3.62,17873,Netherlands
536639,22960,JAM MAKING SET WITH JARS,33,06/22/23,3.85,17858,France
536432,71053,WHITE METAL LANTERN,20,07/14/23,2.51,17991,United Kingdom
536581,84406B,CREAM CUPID HEARTS COAT HANGER,43,05/23/23,1.54,17823,Spain
536945,71053,WHITE METAL LANTERN,27,08/04/23,7.58,17911,France
536687,22913,RED COAT RACK PARIS FASHION,21,05/10/23,9.52,17825,Germany
536582,71053,WHITE METAL LANTERN,26,02/11/23,5.43,17994,United Kingdom
536876,22752,SET 7 BABUSHKA NESTING BOXES,45,08/29/23,4.62,17962,Spain
536770,22745,,19,01/10/23,11.04,17980,United Kingdom
536834,71053,WHITE METAL LANTERN,36,10/04/23,10.99,17825,Germany
536511,22913,RED COAT RACK PARIS FASHION,9,01/27/23,7.63,17913,Netherlands
536636,22752,SET 7 BABUSHKA NESTING BOXES,13,06/29/23,10.78,17842,United Kingdom
536507,22913,RED COAT RACK PARIS FASHION,27,04/25/23,13.97,17977,United Kingdom
536617,22913,RED COAT RACK PARIS FASHION,43,11/29/23,12.14,17876,France
536939,85123A,WHITE HANGING HEART T-LIGHT HOLDER,25,02/05/23,9.94,17807,Germany
536916,22913,RED COAT RACK PARIS FASHION,44,11/30/23,10.43,17811,Germany
536634,71053,WHITE METAL LANTERN,48,01/21/23,14.1,17883,Netherlands
536963,22745,POPPY'S PLAYHOUSE BEDROOM,12,01/16/23,7.24,17814,Germany
536803,22913,RED COAT RACK PARIS FASHION,40,05/07/23,8.85,17875,United Kingdom
536962,22913,RED COAT RACK PARIS FASHION,37,04/13/23,10.24,17891,Netherlands
536773,22960,JAM MAKING SET WITH JARS,20,01/11/23,13.76,17895,Germany
536735,84879,ASSORTED COLOUR BIRD ORNAMENT,26,11/15/23,12.66,17910,Netherlands
536589,21730,GLASS STAR FROSTED T-LIGHT HOLDER,36,03/20/23,2.46,17837,Germany
536506,22752,SET 7 BABUSHKA NESTING BOXES,1,05/03/23,3.74,17862,Germany
536886,84879,ASSORTED COLOUR BIRD ORNAMENT,20,03/06/23,5.65,17935,France
536870,22752,SET 7 BABUSHKA NESTING BOXES,19,08/31/23,11.61,17905,Germany
536458,21730,GLASS STAR FROSTED T-LIGHT HOLDER,14,12/09/23,9.18,17944,Netherlands
536413,22745,POPPY'S PLAYHOUSE BEDROOM,28,02/28/23,5.4,17974,United Kingdom
536477,84406B,,38,10/16/23,3.18,17846,France
536521,21730,GLASS STAR FROSTED T-LIGHT HOLDER,39,04/22/23,10.8,17843,Germany
536528,22748,POPPY'S PLAYHOUSE KITCHEN,42,08/27/23,10.95,17844,Germany
536797,84879,ASSORTED COLOUR BIRD ORNAMENT,21,12/25/23,14.23,17820,Netherlands
536975,71053,WHITE METAL LANTERN,30,05/12/23,8.26,17956,France
536430,85123A,WHITE HANGING HEART T-LIGHT HOLDER,29,07/08/23,8.17,17897,Germany
536759,22748,POPPY'S PLAYHOUSE KITCHEN,29,03/27/23,2.59,17958,United Kingdom
536755,22913,RED COAT RACK PARIS FASHION,44,11/07/23,2.04,17974,United Kingdom
536975,22913,RED COAT RACK PARIS FASHION,14,11/07/23,7.33,17861,Germany
536844,71053,WHITE METAL LANTERN,33,02/28/23,5.85,17927,United Kingdom
536906,71053,WHITE METAL LANTERN,31,03/25/23,4.88,17949,France
536622,22960,JAM MAKING SET WITH JARS,48,06/09/23,2.73,17836,Germany
536931,22752,SET 7 BABUSHKA NESTING BOXES,11,02/25/23,14.49,17859,Netherlands
536376,22960,,43,10/24/23,12.79,17918,France
536482,21730,GLASS STAR FROSTED T-LIGHT HOLDER,6,01/14/23,9.27,17963,United Kingdom
536914,84406B,CREAM CUPID HEARTS COAT HANGER,19,06/09/23,14.34,17865,Germany
536638,84879,ASSORTED COLOUR BIRD ORNAMENT,33,10/22/23,14.99,17917,France
536713,71053,WHITE METAL LANTERN,43,12/13/23,10.58,17865,United Kingdom
536479,22752,SET 7 BABUSHKA NESTING BOXES,41,07/12/23,5.14,17970,Germany
536665,84879,ASSORTED COLOUR BIRD ORNAMENT,40,07/23/23,2.04,17802,Spain
536810,21730,GLASS STAR FROSTED T-LIGHT HOLDER,22,04/12/23,11.71,17919,Netherlands
536526,84406B,CREAM CUPID HEARTS COAT HANGER,6,02/08/23,7.85,17873,United Kingdom
536829,22748,POPPY'S PLAYHOUSE KITCHEN,49,10/31/23,10.3,17973,United Kingdom
536368,22960,JAM MAKING SET WITH JARS,16,12/20/23,13.87,17939,Spain
536634,21730,GLASS STAR FROSTED T-LIGHT HOLDER,44,11/18/23,3.95,17840,Spain
536877,22913,RED COAT RACK PARIS FASHION,20,05/05/23,9.4,17818,France
536547,22960,JAM MAKING SET WITH JARS,15,02/22/23,10.07,17913,Netherlands
536884,85123A,WHITE HANGING HEART T-LIGHT HOLDER,13,12/23/23,8.14,17888,Netherlands
536473,22960,JAM MAKING SET WITH JARS,10,06/04/23,2.73,17950,United Kingdom
536670,21730,GLASS STAR FROSTED T-LIGHT HOLDER,2,12/17/23,6.2,17876,Spain
536884,71053,WHITE METAL LANTERN,3,11/04/23,6.0,17963,Netherlands
536988,84406B,CREAM CUPID HEARTS COAT HANGER,16,03/03/23,10.55,17908,Germany
536568,21730,GLASS STAR FROSTED T-LIGHT HOLDER,31,10/17/23,13.08,17976,Netherlands
536521,71053,WHITE METAL LANTERN,40,01/22/23,5.95,17864,United Kingdom
536747,71053,WHITE METAL LANTERN,50,06/27/23,10.86,17916,Netherlands
536530,22960,JAM MAKING SET WITH JARS,5,09/30/23,5.39,17877,France
536917,84406B,CREAM CUPID HEARTS COAT HANGER,30,08/08/23,14.26,17850,Spain
536908,21730,GLASS STAR FROSTED T-LIGHT HOLDER,27,12/05/23,,17898,United Kingdom
536365,21730,GLASS STAR FROSTED T-LIGHT HOLDER,41,07/09/23,8.93,17923,United Kingdom
536978,22913,RED COAT RACK PARIS FASHION,37,02/05/23,7.64,17827,Spain
536696,22752,SET 7 BABUSHKA NESTING BOXES,13,09/17/23,5.75,17860,Spain
536865,84879,ASSORTED COLOUR BIRD ORNAMENT,46,11/28/23,5.86,17897,Spain
536384,22752,SET 7 BABUSHKA NESTING BOXES,45,06/24/23,14.6,17946,United Kingdom
536479,21730,,25,01/07/23,6.96,17891,Spain
536736,22960,JAM MAKING SET WITH JARS,32,08/04/23,8.45,17947,Spain
536679,22748,POPPY'S PLAYHOUSE KITCHEN,26,09/08/23,14.84,17875,United Kingdom
536610,21730,GLASS STAR FROSTED T-LIGHT HOLDER,16,02/24/23,10.38,17979,United Kingdom
536424,85123A,WHITE HANGING HEART T-LIGHT HOLDER,10,08/10/23,8.83,17875,France
536611,71053,WHITE METAL LANTERN,42,07/05/23,7.08,17805,Netherlands
536945,22745,POPPY'S PLAYHOUSE BEDROOM,45,11/22/23,4.03,17968,Germany
536445,21730,GLASS STAR FROSTED T-LIGHT HOLDER,1,08/24/23,6.38,,United Kingdom
536452,85123A,WHITE HANGING HEART T-LIGHT HOLDER,49,12/29/23,11.71,17870,Germany
536862,85123A,WHITE HANGING HEART T-LIGHT HOLDER,50,03/20/23,9.94,17802,France
536435,84879,ASSORTED COLOUR BIRD ORNAMENT,7,08/11/23,11.76,17944,Netherlands
536910,84406B,CREAM CUPID HEARTS COAT HANGER,50,04/01/23,4.25,17975,Netherlands
536493,21730,GLASS STAR FROSTED T-LIGHT HOLDER,28,09/25/23,8.91,,Netherlands
536496,84406B,CREAM CUPID HEARTS COAT HANGER,15,11/30/23,14.02,17990,France
536851,22748,POPPY'S PLAYHOUSE KITCHEN,12,05/19/23,7.41,17812,Spain
536927,22960,JAM MAKING SET WITH JARS,45,11/12/23,10.93,17955,Netherlands
536534,22745,POPPY'S PLAYHOUSE BEDROOM,34,10/03/23,3.14,,Netherlands
536636,22960,JAM MAKING SET WITH JARS,30,09/05/23,14.64,17927,France
536905,85123A,WHITE HANGING HEART T-LIGHT HOLDER,4,08/27/23,9.72,17873,Spain
536986,71053,WHITE METAL LANTERN,36,08/12/23,,17998,Netherlands
536798,71053,WHITE METAL LANTERN,16,10/31/23,3.64,17858,Netherlands
536581,84406B,CREAM CUPID HEARTS COAT HANGER,8,05/18/23,8.94,17955,Spain
536917,22960,JAM MAKING SET WITH JARS,30,06/15/23,8.96,17890,United Kingdom
536570,85123A,WHITE HANGING HEART T-LIGHT HOLDER,9,05/06/23,2.76,17856,United Kingdom
536684,84879,ASSORTED COLOUR BIRD ORNAMENT,30,02/14/23,14.9,,Netherlands
536773,22913,RED COAT RACK PARIS FASHION,43,05/23/23,13.82,17848,Germany
536747,22960,JAM MAKING SET WITH JARS,34,08/19/23,7.73,17958,Spain
536813,84406B,CREAM CUPID HEARTS COAT HANGER,36,05/05/23,3.09,17864,Spain
536894,22745,POPPY'S PLAYHOUSE BEDROOM,39,08/26/23,,17973,Germany
536827,84406B,CREAM CUPID HEARTS COAT HANGER,21,10/19/23,8.23,17993,Spain
536488,85123A,WHITE HANGING HEART T-LIGHT HOLDER,49,11/09/23,11.17,17984,France
536618,21730,GLASS STAR FROSTED T-LIGHT HOLDER,29,12/09/23,8.37,17996,Spain
536595,84879,ASSORTED COLOUR BIRD ORNAMENT,40,07/14/23,5.19,17968,Spain
536430,85123A,WHITE HANGING HEART T-LIGHT HOLDER,47,06/22/23,12.77,17974,Spain
536711,84879,ASSORTED COLOUR BIRD ORNAMENT,33,01/15/23,14.73,17835,United Kingdom
536386,22752,SET 7 BABUSHKA NESTING BOXES,28,09/11/23,4.79,17960,France
536967,22752,SET 7 BABUSHKA NESTING BOXES,36,06/16/23,8.94,17824,Spain
536932,71053,WHITE METAL LANTERN,29,04/04/23,6.68,17960,France
536600,84879,ASSORTED COLOUR BIRD ORNAMENT,11,09/07/23,13.95,17965,France
536967,22960,JAM MAKING SET WITH JARS,48,04/19/23,8.36,17810,France
536590,22745,POPPY'S PLAYHOUSE BEDROOM,31,07/01/23,13.37,17879,Germany
536372,22913,RED COAT RACK PARIS FASHION,29,05/13/23,13.16,17912,Spain
